名前,分類,写真状態,画像URL,出典ページ,ローカル差し替え用ファイル名
川﨑皇輝,東京無所ジュニア,参照設定済み,https://jr-official.starto.jp/images/40/371/599c4d9d647c5db7a885ae1d8d4e2.jpg,https://jr-official.starto.jp/s/jr/persons/119,assets/photos/jr_t_3dfe730c46.jpg
内村颯太,東京無所ジュニア,参照設定済み,https://jr-official.starto.jp/images/40/b46/7f5c50c7dbb7f8f904eaa4290b8ed.jpg,https://jr-official.starto.jp/s/jr/persons/109,assets/photos/jr_t_49778fea85.jpg
元木湧,東京無所ジュニア,参照設定済み,https://jr-official.starto.jp/images/40/654/cb0c249a19f1c61460d0a84ff0405.jpg,https://jr-official.starto.jp/s/jr/persons/177,assets/photos/jr_t_469e2f32dd.jpg
北川拓実,東京無所ジュニア,参照設定済み,https://jr-official.starto.jp/images/40/f09/711ecf5913a5599f939ce0c86e83e.jpg,https://jr-official.starto.jp/s/jr/persons/122,assets/photos/jr_t_adb7cc9b59.jpg
青木滉平,東京無所ジュニア,参照設定済み,https://jr-official.starto.jp/images/40/631/6734884324f1e8d77eddb9eba71c0.jpg,https://jr-official.starto.jp/s/jr/persons/101,assets/photos/jr_t_cf1e0077d0.jpg
安嶋秀生,東京無所ジュニア,参照設定済み,https://jr-official.starto.jp/images/40/9ff/99b4e12f1414ec8607b8e32856a46.jpg,https://jr-official.starto.jp/s/jr/persons/102,assets/photos/jr_t_3962d8d625.jpg
山井飛翔,東京無所ジュニア,参照設定済み,https://jr-official.starto.jp/images/40/002/e8af401438156943402758e905953.jpg,https://jr-official.starto.jp/s/jr/persons/182,assets/photos/jr_t_80038bc9fb.jpg
長瀬結星,東京無所ジュニア,参照設定済み,https://jr-official.starto.jp/images/40/a10/f73fd06f49453ee33daa61296987b.jpg,https://jr-official.starto.jp/s/jr/persons/153,assets/photos/jr_t_61f2ef9e36.jpg
豊田陸人,東京無所ジュニア,参照設定済み,https://jr-official.starto.jp/images/40/9e4/d87df4052e8f737ca1c5ecfcafa21.jpg,https://jr-official.starto.jp/s/jr/persons/152,assets/photos/jr_t_91f3854ae9.jpg
林蓮音,東京無所ジュニア,参照設定済み,https://jr-official.starto.jp/images/40/861/4fb958e190bb28e7a03a48315ea6d.jpg,https://jr-official.starto.jp/s/jr/persons/162,assets/photos/jr_t_4ffe932a75.jpg
松尾龍,東京無所ジュニア,参照設定済み,https://jr-official.starto.jp/images/40/395/784cd36554daff4d5562daec895d2.jpg,https://jr-official.starto.jp/s/jr/persons/173,assets/photos/jr_t_472d8fd3ae.jpg
和田優希,東京無所ジュニア,参照設定済み,https://jr-official.starto.jp/images/40/7d7/2b538bfdc95252447bc57ebfd7709.jpg,https://jr-official.starto.jp/s/jr/persons/185,assets/photos/jr_t_405a21c1ef.jpg
中村浩大,東京無所ジュニア,参照設定済み,https://jr-official.starto.jp/images/40/e10/7161933e3f16d362e983e8b5cad64.jpg,https://jr-official.starto.jp/s/jr/persons/154,assets/photos/jr_t_7812026d9c.jpg
田村海琉,東京無所ジュニア,参照設定済み,https://jr-official.starto.jp/images/40/03b/f0edf20e1b0a7dccf1cd0bbfde975.jpg,https://jr-official.starto.jp/s/jr/persons/165,assets/photos/jr_t_2788dd5220.jpg
久保廉,東京無所ジュニア,参照設定済み,https://jr-official.starto.jp/images/40/69d/057a12ae6230aaf6dc0304473dbfa.jpg,https://jr-official.starto.jp/s/jr/persons/124,assets/photos/jr_t_f0e3112aa4.jpg
阿達慶,東京無所ジュニア,参照設定済み,https://jr-official.starto.jp/images/40/5b7/3e3a381d94744232437e55d047962.jpg,https://jr-official.starto.jp/s/jr/persons/221,assets/photos/jr_t_e3e8e900cf.jpg
竹村実悟,東京無所ジュニア,参照設定済み,https://jr-official.starto.jp/images/40/82c/cea670d9cfd7437209e04e9e59071.jpg,https://jr-official.starto.jp/s/jr/persons/234,assets/photos/jr_t_338eecc323.jpg
千井野空翔,東京無所ジュニア,参照設定済み,https://jr-official.starto.jp/images/40/d2a/5b8bca2dc8d03a1d659f1587267d6.jpg,https://jr-official.starto.jp/s/jr/persons/218,assets/photos/jr_t_99933c615b.jpg
浅井乃我,東京無所ジュニア,参照設定済み,https://jr-official.starto.jp/images/40/f3d/9356cfd9653d8ba929dda8a0a8649.jpg,https://jr-official.starto.jp/s/jr/persons/401,assets/photos/jr_t_226c5bd942.jpg
関翔馬,東京無所ジュニア,参照設定済み,https://jr-official.starto.jp/images/40/3ab/fd1854b2ff9e10c4290b31dcc13e7.jpg,https://jr-official.starto.jp/s/jr/persons/230,assets/photos/jr_t_cb85e7a2f9.jpg
松浦銀志,東京無所ジュニア,参照設定済み,https://jr-official.starto.jp/images/40/c68/13e01c5565c82be0485d0d7cb7c5a.jpg,https://jr-official.starto.jp/s/jr/persons/240,assets/photos/jr_t_7c0feba815.jpg
羽村仁成,東京無所ジュニア,参照設定済み,https://jr-official.starto.jp/images/40/d2f/e2e1aca96c9cbcc6ac8433a42871b.jpg,https://jr-official.starto.jp/s/jr/persons/238,assets/photos/jr_t_a687bd16b2.jpg
堀口由翔,東京無所ジュニア,参照設定済み,https://jr-official.starto.jp/images/40/601/4d7d5bd295e0035741da237ca5ab7.jpg,https://jr-official.starto.jp/s/jr/persons/239,assets/photos/jr_t_a72571169e.jpg
末永光,東京無所ジュニア,参照設定済み,https://jr-official.starto.jp/images/40/eb9/eae509fdbdbed06e1bd024e841a7d.jpg,https://jr-official.starto.jp/s/jr/persons/304,assets/photos/jr_t_fedec969c0.jpg
平田光寛,東京無所ジュニア,参照設定済み,https://jr-official.starto.jp/images/40/d28/b70c96a8086294840e3582899d8c5.jpg,https://jr-official.starto.jp/s/jr/persons/352,assets/photos/jr_t_b89d991c36.jpg
田仲陽成,東京無所ジュニア,参照設定済み,https://jr-official.starto.jp/images/40/e83/be148f943ed4cef31cc06a710f578.jpg,https://jr-official.starto.jp/s/jr/persons/235,assets/photos/jr_t_dbaa231530.jpg
鍋田大成,東京無所ジュニア,参照設定済み,https://jr-official.starto.jp/images/40/689/c6ae2b30824e9f0778aac478e5f10.jpg,https://jr-official.starto.jp/s/jr/persons/258,assets/photos/jr_t_505d3c3ad7.jpg
岸蒼太,東京無所ジュニア,参照設定済み,https://jr-official.starto.jp/images/40/784/5990dafb8c1b06ad21976ba0fcf94.jpg,https://jr-official.starto.jp/s/jr/persons/259,assets/photos/jr_t_9694d01592.jpg
渡辺惟良,東京無所ジュニア,参照設定済み,https://jr-official.starto.jp/images/40/87a/eadf7c8a660f4a1a86582310a21ac.jpg,https://jr-official.starto.jp/s/jr/persons/303,assets/photos/jr_t_22476bda8c.jpg
岡橋亮汰,東京無所ジュニア,参照設定済み,https://jr-official.starto.jp/images/40/042/e7af33ce78bd624860a98b3edae9b.jpg,https://jr-official.starto.jp/s/jr/persons/257,assets/photos/jr_t_843c0ff3fa.jpg
小山十輝,東京無所ジュニア,参照設定済み,https://jr-official.starto.jp/images/40/735/29eb98efdb685a9c2f113d93d83ac.jpg,https://jr-official.starto.jp/s/jr/persons/310,assets/photos/jr_t_185c5d65d1.jpg
小久保向一朗,東京無所ジュニア,参照設定済み,https://jr-official.starto.jp/images/40/45e/cf0eb79fa02b1c627708f988e3337.jpg,https://jr-official.starto.jp/s/jr/persons/308,assets/photos/jr_t_48dd670f53.jpg
林田芯,東京無所ジュニア,参照設定済み,https://jr-official.starto.jp/images/40/f53/14fcd1fb7a823fce5a9dd0653dd93.jpg,https://jr-official.starto.jp/s/jr/persons/307,assets/photos/jr_t_8bbb22c17c.jpg
壹岐碧,東京無所ジュニア,参照設定済み,https://jr-official.starto.jp/images/40/fce/db9d8d8c62c9b99f5d7058af28fd6.jpg,https://jr-official.starto.jp/s/jr/persons/302,assets/photos/jr_t_656ed6e788.jpg
善如寺來,東京無所ジュニア,参照設定済み,https://jr-official.starto.jp/images/40/998/42d2632b79104ba571afa384a0567.jpg,https://jr-official.starto.jp/s/jr/persons/343,assets/photos/jr_t_e3005aa8bd.jpg
鈴木瑛朝,東京無所ジュニア,参照設定済み,https://jr-official.starto.jp/images/40/9fc/57dd933a9f9626b2a125901744c3e.jpg,https://jr-official.starto.jp/s/jr/persons/301,assets/photos/jr_t_c8cb15bf41.jpg
宮岡大愛,東京無所ジュニア,参照設定済み,https://jr-official.starto.jp/images/40/cae/c340d7884f8179bd60e945a74840d.jpg,https://jr-official.starto.jp/s/jr/persons/334,assets/photos/jr_t_a5bb61eeb2.jpg
高橋奏琉,東京無所ジュニア,参照設定済み,https://jr-official.starto.jp/images/40/b16/1f4d607c0fbe29b51758d0178007f.jpg,https://jr-official.starto.jp/s/jr/persons/306,assets/photos/jr_t_5bed931367.jpg
田代海瑠,東京無所ジュニア,参照設定済み,https://jr-official.starto.jp/images/40/e52/b64d804a86e44f7c843ed30c46286.jpg,https://jr-official.starto.jp/s/jr/persons/346,assets/photos/jr_t_62cd654f60.jpg
新宮楓真,東京無所ジュニア,参照設定済み,https://jr-official.starto.jp/images/40/eec/f0cad5ada4ad5f56d33298d17ed3f.jpg,https://jr-official.starto.jp/s/jr/persons/342,assets/photos/jr_t_8e58d7d7a7.jpg
嶋﨑斗亜,関西無所ジュニア,参照設定済み,https://jr-official.starto.jp/images/40/58c/dd1488800e62dfb7093a87e9341a0.jpg,https://jr-official.starto.jp/s/jr/persons/57,assets/photos/jr_k_656e1298cf.jpg
大西風雅,関西無所ジュニア,参照設定済み,https://jr-official.starto.jp/images/40/c92/d3ca4b70ba89d2de5c8ba8a199ec7.jpg,https://jr-official.starto.jp/s/jr/persons/59,assets/photos/jr_k_550dfbc953.jpg
岡﨑彪太郎,関西無所ジュニア,参照設定済み,https://jr-official.starto.jp/images/40/73f/6cffb0cbaa4362d9a8b46dac84277.jpg,https://jr-official.starto.jp/s/jr/persons/60,assets/photos/jr_k_4ee7f2ddd5.jpg
野田開仁,関西無所ジュニア,参照設定済み,https://jr-official.starto.jp/images/40/9b0/5b3890686b6b5d8b6f70fd723d0b7.jpg,https://jr-official.starto.jp/s/jr/persons/396,assets/photos/jr_k_6a45533cd8.jpg
渡邉大我,関西無所ジュニア,参照設定済み,https://jr-official.starto.jp/images/40/f22/41a58abb69fbce0702b533cbdbc03.jpg,https://jr-official.starto.jp/s/jr/persons/331,assets/photos/jr_k_6b9b73b16e.jpg
藤田真暢,関西無所ジュニア,参照設定済み,https://jr-official.starto.jp/images/40/36c/7dfcd152b86a23ee6d84f4385be28.jpg,https://jr-official.starto.jp/s/jr/persons/395,assets/photos/jr_k_4bb55c124c.jpg
岡田耕明,関西無所ジュニア,参照設定済み,https://jr-official.starto.jp/images/40/5e2/0f9e7bbb92b018d16fcf4aa7c02b6.jpg,https://jr-official.starto.jp/s/jr/persons/332,assets/photos/jr_k_a83081650f.jpg
森ケイン,関西無所ジュニア,参照設定済み,https://jr-official.starto.jp/images/40/21d/8c2907446588f3010c1f2926be5c6.jpg,https://jr-official.starto.jp/s/jr/persons/394,assets/photos/jr_k_87df5da786.jpg
西野統真,関西無所ジュニア,参照設定済み,https://jr-official.starto.jp/images/40/08f/67ffc11724fb894a3c39867effe9d.jpg,https://jr-official.starto.jp/s/jr/persons/393,assets/photos/jr_k_5f59abbf46.jpg
井上蒼生,関西無所ジュニア,参照設定済み,https://jr-official.starto.jp/images/40/b0a/5a790d6464847d7a8f8b6dc2a3e99.jpg,https://jr-official.starto.jp/s/jr/persons/391,assets/photos/jr_k_4a42c2a83c.jpg
小尾颯,関西無所ジュニア,参照設定済み,https://jr-official.starto.jp/images/40/40b/364780e4febf86c18390c6986fdc0.jpg,https://jr-official.starto.jp/s/jr/persons/333,assets/photos/jr_k_b15132af4e.jpg
濱出顕斗,関西無所ジュニア,参照設定済み,https://jr-official.starto.jp/images/40/570/7741d5320cc8c460581a7d8ef94b0.jpg,https://jr-official.starto.jp/s/jr/persons/390,assets/photos/jr_k_879caa8af0.jpg
北野快浬,関西無所ジュニア,参照設定済み,https://jr-official.starto.jp/images/40/4e2/072ea89df86712a134c0d462864c1.jpg,https://jr-official.starto.jp/s/jr/persons/328,assets/photos/jr_k_ed5ac2926d.jpg
中崎結翔,関西無所ジュニア,参照設定済み,https://jr-official.starto.jp/images/40/d32/5fb3e2a32aee1425554c3dad61fd0.jpg,https://jr-official.starto.jp/s/jr/persons/388,assets/photos/jr_k_524b87f32f.jpg
大田蒼空,関西無所ジュニア,参照設定済み,https://jr-official.starto.jp/images/40/73a/99962855c83c2641dc50093c91530.jpg,https://jr-official.starto.jp/s/jr/persons/330,assets/photos/jr_k_53ce6fb3bb.jpg
伯井太陽,関西無所ジュニア,参照設定済み,https://jr-official.starto.jp/images/40/e91/d7c8aa74999999ea83a7b3280725b.jpg,https://jr-official.starto.jp/s/jr/persons/386,assets/photos/jr_k_e34c5e3745.jpg
吉沢亮,俳優,参照設定済み,https://thetv.jp/i/tl/100/0081/1000081116_r.jpg?h=547&w=716,https://thetv.jp/person/1000081116/,assets/photos/actor_c0e0087913.jpg
横浜流星,俳優,参照設定済み,https://thetv.jp/i/tl/100/0092/1000092408_r.jpg?h=547&w=716,https://thetv.jp/person/1000092408/,assets/photos/actor_9667ca0b97.jpg
山﨑賢人,俳優,参照設定済み,https://thetv.jp/i/tl/100/0082/1000082364_r.jpg?h=547&w=716,https://thetv.jp/person/1000082364/,assets/photos/actor_051c334021.jpg
佐藤健,俳優,参照設定済み,https://thetv.jp/i/tl/100/0051/1000051664_r.jpg?h=547&w=716,https://thetv.jp/person/1000051664/,assets/photos/actor_b65d2e8528.jpg
菅田将暉,俳優,参照設定済み,https://thetv.jp/i/tl/100/0073/1000073376_r.jpg?h=547&w=716,https://thetv.jp/person/1000073376/,assets/photos/actor_46fcfee499.jpg
坂口健太郎,俳優,参照設定済み,https://thetv.jp/i/tl/200/0005/2000005629_r.jpg?h=547&w=716,https://thetv.jp/person/2000005629/,assets/photos/actor_020f5168a7.jpg
岡田将生,俳優,参照設定済み,https://thetv.jp/i/tl/100/0053/1000053159_r.jpg?h=547&w=716,https://thetv.jp/person/1000053159/,assets/photos/actor_12ff679c7e.jpg
松坂桃李,俳優,参照設定済み,https://thetv.jp/i/tl/100/0076/1000076106_r.jpg?h=547&w=716,https://thetv.jp/person/1000076106/,assets/photos/actor_7a224ee283.jpg
山田裕貴,俳優,参照設定済み,https://thetv.jp/i/tl/100/0080/1000080364_r.jpg?h=547&w=716,https://thetv.jp/person/1000080364/,assets/photos/actor_bd8ef8948a.jpg
竹内涼真,俳優,参照設定済み,https://thetv.jp/i/tl/200/0001/2000001449_r.jpg?h=547&w=716,https://thetv.jp/person/2000001449/,assets/photos/actor_1547c2a948.jpg
赤楚衛二,俳優,参照設定済み,https://thetv.jp/i/tl/200/0009/2000009663_r.jpg?h=547&w=716,https://thetv.jp/person/2000009663/,assets/photos/actor_9af854078c.jpg
志尊淳,俳優,参照設定済み,https://thetv.jp/i/tl/100/0088/1000088892_r.jpg?h=547&w=716,https://thetv.jp/person/1000088892/,assets/photos/actor_428e6517c1.jpg
町田啓太,俳優,参照設定済み,https://thetv.jp/i/tl/100/0086/1000086436_r.jpg?h=547&w=716,https://thetv.jp/person/1000086436/,assets/photos/actor_3e3584a6ca.jpg
磯村勇斗,俳優,参照設定済み,https://thetv.jp/i/tl/200/0002/2000002227_r.jpg?h=547&w=716,https://thetv.jp/person/2000002227/,assets/photos/actor_6fb8310928.jpg
中川大志,俳優,参照設定済み,https://thetv.jp/i/tl/100/0083/1000083864_r.jpg?h=547&w=716,https://thetv.jp/person/1000083864/,assets/photos/actor_905d84d3fa.jpg
北村匠海,俳優,参照設定済み,https://thetv.jp/i/tl/100/0064/1000064457_r.jpg?h=547&w=716,https://thetv.jp/person/1000064457/,assets/photos/actor_1acba70e47.jpg
杉野遥亮,俳優,参照設定済み,https://thetv.jp/i/tl/200/0012/2000012098_r.jpg?h=547&w=716,https://thetv.jp/person/2000012098/,assets/photos/actor_dfd6bc632b.jpg
高杉真宙,俳優,参照設定済み,https://thetv.jp/i/tl/100/0083/1000083328_r.jpg?h=547&w=716,https://thetv.jp/person/1000083328/,assets/photos/actor_1d45ba5bf6.jpg
成田凌,俳優,参照設定済み,https://thetv.jp/i/tl/200/0001/2000001723_r.jpg?h=547&w=716,https://thetv.jp/person/2000001723/,assets/photos/actor_8195a10578.jpg
眞栄田郷敦,俳優,参照設定済み,https://thetv.jp/i/tl/200/0039/2000039803_r.jpg?h=547&w=716,https://thetv.jp/person/2000039803/,assets/photos/actor_82c5c650c8.jpg
新田真剣佑,俳優,参照設定済み,https://thetv.jp/i/tl/200/0021/2000021590_r.jpg?h=547&w=716,https://thetv.jp/person/2000021590/,assets/photos/actor_d49f81d235.jpg
神尾楓珠,俳優,参照設定済み,https://thetv.jp/i/tl/200/0012/2000012690_r.jpg?h=547&w=716,https://thetv.jp/person/2000012690/,assets/photos/actor_ec6fcca1ae.jpg
鈴鹿央士,俳優,参照設定済み,https://thetv.jp/i/tl/200/0040/2000040929_r.jpg?h=547&w=716,https://thetv.jp/person/2000040929/,assets/photos/actor_be2312d80a.jpg
水上恒司,俳優,参照設定済み,https://thetv.jp/i/tl/200/0077/2000077541_r.jpg?h=547&w=716,https://thetv.jp/person/2000077541/,assets/photos/actor_4266e76e52.jpg
板垣李光人,俳優,参照設定済み,https://thetv.jp/i/tl/200/0035/2000035046_r.jpg?h=547&w=716,https://thetv.jp/person/2000035046/,assets/photos/actor_6323894972.jpg
高橋文哉,俳優,参照設定済み,https://thetv.jp/i/tl/200/0037/2000037871_r.jpg?h=547&w=716,https://thetv.jp/person/2000037871/,assets/photos/actor_83ca813381.jpg
萩原利久,俳優,参照設定済み,https://thetv.jp/i/tl/100/0094/1000094098_r.jpg?h=547&w=716,https://thetv.jp/person/1000094098/,assets/photos/actor_213065430f.jpg
宮世琉弥,俳優,参照設定済み,https://thetv.jp/i/tl/200/0041/2000041097_r.jpg?h=547&w=716,https://thetv.jp/person/2000041097/,assets/photos/actor_7b7e3bb9d8.jpg
本田響矢,俳優,参照設定済み,https://thetv.jp/i/tl/209/0011/2090011937_r.jpg?h=547&w=716,https://thetv.jp/person/2090011937/,assets/photos/actor_353ce3abaa.jpg
綱啓永,俳優,参照設定済み,https://thetv.jp/i/tl/200/0035/2000035019_r.jpg?h=547&w=716,https://thetv.jp/person/2000035019/,assets/photos/actor_f58fbdd5b8.jpg
山下幸輝,俳優,参照設定済み,https://thetv.jp/i/tl/200/0071/2000071204_r.jpg?h=547&w=716,https://thetv.jp/person/2000071204/,assets/photos/actor_d93f3e2f54.jpg
豊田裕大,俳優,参照設定済み,https://thetv.jp/i/tl/200/0065/2000065818_r.jpg?h=547&w=716,https://thetv.jp/person/2000065818/,assets/photos/actor_32735bf75d.jpg
樋口幸平,俳優,参照設定済み,https://thetv.jp/i/tl/200/0071/2000071609_r.jpg?h=547&w=716,https://thetv.jp/person/2000071609/,assets/photos/actor_5c884d7385.jpg
岩瀬洋志,俳優,参照設定済み,https://thetv.jp/i/tl/200/0082/2000082994_r.jpg?h=547&w=716,https://thetv.jp/person/2000082994/,assets/photos/actor_ffdba46b8e.jpg
野村康太,俳優,参照設定済み,https://thetv.jp/i/tl/200/0076/2000076231_r.jpg?h=547&w=716,https://thetv.jp/person/2000076231/,assets/photos/actor_41a996e309.jpg
木戸大聖,俳優,参照設定済み,https://thetv.jp/i/tl/200/0041/2000041137_r.jpg?h=547&w=716,https://thetv.jp/person/2000041137/,assets/photos/actor_91ae3aea1b.jpg
坂東龍汰,俳優,参照設定済み,https://thetv.jp/i/tl/200/0028/2000028615_r.jpg?h=547&w=716,https://thetv.jp/person/2000028615/,assets/photos/actor_8af491ca37.jpg
奥平大兼,俳優,参照設定済み,https://thetv.jp/i/tl/200/0052/2000052100_r.jpg?h=547&w=716,https://thetv.jp/person/2000052100/,assets/photos/actor_50a6651305.jpg
細田佳央太,俳優,参照設定済み,https://thetv.jp/i/tl/209/0006/2090006246_r.jpg?h=547&w=716,https://thetv.jp/person/2090006246/,assets/photos/actor_6e4e7a2027.jpg
齋藤潤,俳優,参照設定済み,https://thetv.jp/i/tl/200/0060/2000060328_r.jpg?h=547&w=716,https://thetv.jp/person/2000060328/,assets/photos/actor_e44d565662.jpg
黒川想矢,俳優,参照設定済み,https://thetv.jp/i/tl/200/0048/2000048711_r.jpg?h=547&w=716,https://thetv.jp/person/2000048711/,assets/photos/actor_31e84b387a.jpg
藤本洸大,俳優,参照設定済み,https://thetv.jp/i/tl/200/0087/2000087945_r.jpg?h=547&w=716,https://thetv.jp/person/2000087945/,assets/photos/actor_cb33e10294.jpg
本島純政,俳優,参照設定済み,https://thetv.jp/i/tl/200/0080/2000080963_r.jpg?h=547&w=716,https://thetv.jp/person/2000080963/,assets/photos/actor_8f7bd7dc3b.jpg
前田拳太郎,俳優,参照設定済み,https://thetv.jp/i/tl/200/0066/2000066937_r.jpg?h=547&w=716,https://thetv.jp/person/2000066937/,assets/photos/actor_d98087a7a0.jpg
簡秀吉,俳優,参照設定済み,https://thetv.jp/i/tl/200/0075/2000075532_r.jpg?h=547&w=716,https://thetv.jp/person/2000075532/,assets/photos/actor_5ae0f65514.jpg
兵頭功海,俳優,参照設定済み,https://thetv.jp/i/tl/200/0038/2000038409_r.jpg?h=547&w=716,https://thetv.jp/person/2000038409/,assets/photos/actor_5e133a360c.jpg
井上祐貴,俳優,参照設定済み,https://thetv.jp/i/tl/200/0038/2000038354_r.jpg?h=547&w=716,https://thetv.jp/person/2000038354/,assets/photos/actor_50c829c4a9.jpg
一ノ瀬颯,俳優,参照設定済み,https://thetv.jp/i/tl/200/0039/2000039034_r.jpg?h=547&w=716,https://thetv.jp/person/2000039034/,assets/photos/actor_c578ba9ced.jpg
渡邊圭祐,俳優,参照設定済み,https://thetv.jp/i/tl/200/0034/2000034441_r.jpg?h=547&w=716,https://thetv.jp/person/2000034441/,assets/photos/actor_4e54cd53a8.jpg
塩野瑛久,俳優,参照設定済み,https://thetv.jp/i/tl/100/0088/1000088232_r.jpg?h=547&w=716,https://thetv.jp/person/1000088232/,assets/photos/actor_8ce2ec02aa.jpg
犬飼貴丈,俳優,参照設定済み,https://thetv.jp/i/tl/100/0087/1000087635_r.jpg?h=547&w=716,https://thetv.jp/person/1000087635/,assets/photos/actor_b653567746.jpg
飯島寛騎,俳優,参照設定済み,https://thetv.jp/i/tl/200/0013/2000013314_r.jpg?h=547&w=716,https://thetv.jp/person/2000013314/,assets/photos/actor_e0b144a3be.jpg
曽田陵介,俳優,参照設定済み,https://thetv.jp/i/tl/200/0050/2000050841_r.jpg?h=547&w=716,https://thetv.jp/person/2000050841/,assets/photos/actor_71f471373b.jpg
櫻井海音,俳優,参照設定済み,https://thetv.jp/i/tl/200/0065/2000065985_r.jpg?h=547&w=716,https://thetv.jp/person/2000065985/,assets/photos/actor_73c9f4eff7.jpg
鈴木仁,俳優,参照設定済み,https://thetv.jp/i/tl/000/0115/0000115577_r.jpg?h=547&w=716,https://thetv.jp/person/0000115577/,assets/photos/actor_3a664a68b4.jpg
小関裕太,俳優,参照設定済み,https://thetv.jp/i/tl/200/0003/2000003676_r.jpg?h=547&w=716,https://thetv.jp/person/2000003676/,assets/photos/actor_722755cdbc.jpg
桜田通,俳優,参照設定済み,https://thetv.jp/i/tl/100/0063/1000063967_r.jpg?h=547&w=716,https://thetv.jp/person/1000063967/,assets/photos/actor_c025f7461f.jpg
竜星涼,俳優,参照設定済み,https://thetv.jp/i/tl/100/0081/1000081394_r.jpg?h=547&w=716,https://thetv.jp/person/1000081394/,assets/photos/actor_38300e4f32.jpg
白洲迅,俳優,参照設定済み,https://thetv.jp/i/tl/100/0088/1000088891_r.jpg?h=547&w=716,https://thetv.jp/person/1000088891/,assets/photos/actor_7412499108.jpg
鈴木伸之,俳優,参照設定済み,https://thetv.jp/i/tl/100/0086/1000086434_r.jpg?h=547&w=716,https://thetv.jp/person/1000086434/,assets/photos/actor_ff508d9d7d.jpg
金子大地,俳優,参照設定済み,https://thetv.jp/i/tl/200/0003/2000003685_r.jpg?h=547&w=716,https://thetv.jp/person/2000003685/,assets/photos/actor_97bd31c8e6.jpg
宮沢氷魚,俳優,参照設定済み,https://thetv.jp/i/tl/200/0008/2000008562_r.jpg?h=547&w=716,https://thetv.jp/person/2000008562/,assets/photos/actor_5b2efdb266.jpg
寛一郎,俳優,参照設定済み,https://thetv.jp/i/tl/200/0023/2000023847_r.jpg?h=547&w=716,https://thetv.jp/person/2000023847/,assets/photos/actor_468eae916a.jpg
栁俊太郎,俳優,参照設定済み,https://thetv.jp/i/tl/100/0089/1000089860_r.jpg?h=547&w=716,https://thetv.jp/person/1000089860/,assets/photos/actor_6678ed4d50.jpg
前田公輝,俳優,参照設定済み,https://thetv.jp/i/tl/100/0062/1000062981_r.jpg?h=547&w=716,https://thetv.jp/person/1000062981/,assets/photos/actor_b32db96889.jpg
古川雄輝,俳優,参照設定済み,https://thetv.jp/i/tl/100/0080/1000080168_r.jpg?h=547&w=716,https://thetv.jp/person/1000080168/,assets/photos/actor_f17be9b767.jpg
古川雄大,俳優,参照設定済み,https://thetv.jp/i/tl/100/0074/1000074193_r.jpg?h=547&w=716,https://thetv.jp/person/1000074193/,assets/photos/actor_5f4e886e51.jpg
瀬戸康史,俳優,参照設定済み,https://thetv.jp/i/tl/100/0056/1000056212_r.jpg?h=547&w=716,https://thetv.jp/person/1000056212/,assets/photos/actor_b60efde5d3.jpg
千葉雄大,俳優,参照設定済み,https://thetv.jp/i/tl/100/0075/1000075397_r.jpg?h=547&w=716,https://thetv.jp/person/1000075397/,assets/photos/actor_a15a28b25b.jpg
窪田正孝,俳優,参照設定済み,https://thetv.jp/i/tl/100/0049/1000049541_r.jpg?h=547&w=716,https://thetv.jp/person/1000049541/,assets/photos/actor_4a6fbbd7de.jpg
林遣都,俳優,参照設定済み,https://thetv.jp/i/tl/100/0055/1000055808_r.jpg?h=547&w=716,https://thetv.jp/person/1000055808/,assets/photos/actor_0395a5c790.jpg
田中圭,俳優,参照設定済み,https://thetv.jp/i/tl/000/0133/0000133893_r.jpg?h=547&w=716,https://thetv.jp/person/0000133893/,assets/photos/actor_3a96b8c1a5.jpg
三浦翔平,俳優,参照設定済み,https://thetv.jp/i/tl/100/0062/1000062004_r.jpg?h=547&w=716,https://thetv.jp/person/1000062004/,assets/photos/actor_2dcf2dc359.jpg
向井理,俳優,参照設定済み,https://thetv.jp/i/tl/100/0055/1000055583_r.jpg?h=547&w=716,https://thetv.jp/person/1000055583/,assets/photos/actor_aab14c0467.jpg
ディーン・フジオカ,俳優,参照設定済み,https://thetv.jp/i/tl/100/0091/1000091260_r.jpg?h=547&w=716,https://thetv.jp/person/1000091260/,assets/photos/actor_2ae77cdc42.jpg
斎藤工,俳優,参照設定済み,https://thetv.jp/i/tl/000/0187/0000187769_r.jpg?h=547&w=716,https://thetv.jp/person/0000187769/,assets/photos/actor_c1d6317aa6.jpg
綾野剛,俳優,参照設定済み,https://thetv.jp/i/tl/100/0053/1000053180_r.jpg?h=547&w=716,https://thetv.jp/person/1000053180/,assets/photos/actor_4778cd2cdd.jpg
小栗旬,俳優,参照設定済み,https://thetv.jp/i/tl/000/0125/0000125294_r.jpg?h=547&w=716,https://thetv.jp/person/0000125294/,assets/photos/actor_ef03342826.jpg
玉木宏,俳優,参照設定済み,https://thetv.jp/i/tl/000/0031/0000031912_r.jpg?h=547&w=716,https://thetv.jp/person/0000031912/,assets/photos/actor_5c4feb7426.jpg
鈴木亮平,俳優,参照設定済み,https://thetv.jp/i/tl/100/0059/1000059841_r.jpg?h=547&w=716,https://thetv.jp/person/1000059841/,assets/photos/actor_789351849d.jpg
松下洸平,俳優,参照設定済み,https://thetv.jp/i/tl/100/0087/1000087599_r.jpg?h=547&w=716,https://thetv.jp/person/1000087599/,assets/photos/actor_e8bcbee9fe.jpg
仲野太賀,俳優,参照設定済み,https://thetv.jp/i/tl/200/0042/2000042074_r.jpg?h=547&w=716,https://thetv.jp/person/2000042074/,assets/photos/actor_362873b2bd.jpg
森崎ウィン,俳優,参照設定済み,https://thetv.jp/i/tl/100/0063/1000063383_r.jpg?h=547&w=716,https://thetv.jp/person/1000063383/,assets/photos/actor_8e576089c8.jpg
山時聡真,俳優,参照設定済み,https://thetv.jp/i/tl/200/0045/2000045897_r.jpg?h=547&w=716,https://thetv.jp/person/2000045897/,assets/photos/actor_db560c65d4.jpg
窪塚愛流,俳優,参照設定済み,https://thetv.jp/i/tl/200/0054/2000054232_r.jpg?h=547&w=716,https://thetv.jp/person/2000054232/,assets/photos/actor_baa12ac5c4.jpg
杢代和人,俳優,参照設定済み,https://thetv.jp/i/tl/200/0057/2000057329_r.jpg?h=547&w=716,https://thetv.jp/person/2000057329/,assets/photos/actor_9b09deb459.jpg
佐野勇斗,俳優,参照設定済み,https://thetv.jp/i/tl/200/0013/2000013338_r.jpg?h=547&w=716,https://thetv.jp/person/2000013338/,assets/photos/actor_88e8968a04.jpg
八木勇征,俳優,参照設定済み,https://thetv.jp/i/tl/200/0030/2000030826_r.jpg?h=547&w=716,https://thetv.jp/person/2000030826/,assets/photos/actor_6ea8bad68d.jpg
山中柔太朗,俳優,参照設定済み,https://thetv.jp/i/tl/200/0041/2000041099_r.jpg?h=547&w=716,https://thetv.jp/person/2000041099/,assets/photos/actor_fd31b7fa91.jpg
草川拓弥,俳優,参照設定済み,https://thetv.jp/i/tl/100/0087/1000087766_r.jpg?h=547&w=716,https://thetv.jp/person/1000087766/,assets/photos/actor_5bdf27e2f2.jpg
柏木悠,俳優,参照設定済み,https://thetv.jp/i/tl/200/0074/2000074207_r.jpg?h=547&w=716,https://thetv.jp/person/2000074207/,assets/photos/actor_1106f894b2.jpg
武田航平,俳優,参照設定済み,https://thetv.jp/i/tl/100/0004/1000004798_r.jpg?h=547&w=716,https://thetv.jp/person/1000004798/,assets/photos/actor_a21411e85d.jpg
岐洲匠,俳優,参照設定済み,https://thetv.jp/i/tl/200/0017/2000017471_r.jpg?h=547&w=716,https://thetv.jp/person/2000017471/,assets/photos/actor_fe2a41d672.jpg
日向亘,俳優,参照設定済み,https://thetv.jp/i/tl/200/0042/2000042701_r.jpg?h=547&w=716,https://thetv.jp/person/2000042701/,assets/photos/actor_3378ef32f9.jpg
鈴木康介,俳優,参照設定済み,https://thetv.jp/i/tl/200/0041/2000041502_r.jpg?h=547&w=716,https://thetv.jp/person/2000041502/,assets/photos/actor_f71fa9925b.jpg
駒木根葵汰,俳優,参照設定済み,https://thetv.jp/i/tl/200/0057/2000057155_r.jpg?h=547&w=716,https://thetv.jp/person/2000057155/,assets/photos/actor_9a2e01509e.jpg
庄司浩平,俳優,参照設定済み,https://thetv.jp/i/tl/200/0052/2000052405_r.jpg?h=547&w=716,https://thetv.jp/person/2000052405/,assets/photos/actor_d390c3dbd4.jpg
小宮璃央,俳優,参照設定済み,https://thetv.jp/i/tl/200/0049/2000049145_r.jpg?h=547&w=716,https://thetv.jp/person/2000049145/,assets/photos/actor_60d1ba0805.jpg
中沢元紀,俳優,参照設定済み,https://thetv.jp/i/tl/200/0079/2000079723_r.jpg?h=547&w=716,https://thetv.jp/person/2000079723/,assets/photos/actor_526384d3b6.jpg
小林虎之介,俳優,参照設定済み,https://thetv.jp/i/tl/200/0061/2000061353_r.jpg?h=547&w=716,https://thetv.jp/person/2000061353/,assets/photos/actor_57447ecb43.jpg
